الكلمة,المعنى المرجعي,مصدر المعنى
السَّنا,نور,معجم الرياض
الشَّفَق,حمرة تظهر في الأفق من بقية ضوء الشمس بعد غروبها‏,معجم الرياض
الغُروب,أُفُول‏,معجم الرياض
الفَجر, أول وقت النهار وهو وقت ظهور ضوء خفيف,معجم الرياض
النَّدى,بخار المَاء يتكاثف فِي طَبَقَات الجو الْبَارِدَة فِي أثْنَاء اللَّيْل وَيسْقط على الأَرْض قطرات صَغِيرَة,معجم الرياض
النَّسيم,رياح هادئة,معجم الرياض
الوَهَج,أَضَاءَ الشَّيْءُ وَتَلَأْلَأَ,معجم الرياض
البَريق,لَمَعَان,معجم الرياض
الشُّعاع,"ضوء منبعث من مصدر مضيء، ويشبه الخيوط الرفيعة المنتشرة",معجم الرياض
الهِلال,أحد أطوار القمر حيث يكون وجهه على هيئة القوس,معجم الرياض
برق, ضوء قوي يتبعه صوت يضيء في السماء نتيجة لتفريغ الكهرباء في السحاب,معجم الرياض
الرَّذاذ,قطرات صغيرة من الماء ونحوه,معجم الرياض
قَوسُ قُزَح,قوس يظهر في السماء يتكوَّن منه ألوان الطيف السبعة,معجم الرياض
غَدير,نهر صغير وجدول,معجم الرياض
جَدول,مجرى صغير يُشَقّ في الأرض للسقي,معجم الرياض
شَلَّال,هبوط المياه من مكان مرتفع أو جبل لتصب في نهر,معجم الرياض
واحة,بقعة خضراء ذات ماء وشجر‏ وسط الصحراء,معجم الرياض
غيمة,"قطعة من الغيم، ضباب كثيف.",معجم الرياض
بُرعم,"فرع صغير يتفرع من ساق النبات، يحمل الأوراق أو الأزهار",معجم الرياض
بَتلة,"جزء من الزهرة، عبارة عن أوراق نباتية متحورة",معجم الرياض
خَرير,صوت الماء‏ حينما يسيل أو يسقط من مكان عالٍ,معجم الرياض
حَفيف,الصوت الصادر عن تحرُّك أوراق الشجر,معجم الرياض
زَقزقة,صَوْت بَعْض الطيور,معجم الرياض
هَمْس,تكلُّم بصوت خفِيّ,معجم الرياض
رَفرفة,بسط الطائر جناحيه وتحريكهما,معجم الرياض
صَهيل,صوت الفرس‏.,معجم الرياض
زَئير,صوت الأسد.,معجم الرياض
هَديل,صَوْت الحمام,معجم الرياض
نَقيق,صوت الضفدع,معجم الرياض
خُوار,صَوْتُ البَقَرِ أو الثور,معجم الرياض
عَبِير,رائحة طيبة زكية,معجم الرياض
أَرِيج,رائحة زاكية طيبة,معجم الرياض
عِطر,ما يُتطيَّب به لحسن رائحته,معجم الرياض
نَاعم,الناعم من الأشياء اللين,معجم الرياض
أملس,ناعم ومستوي الملمس,معجم الرياض
خَشن, غير سوي الملمس,معجم الرياض
لامع,"برّاق، مضيء",معجم الرياض
مُتَلألئ,لامع‏,معجم الرياض
دافئ,معتدل الحرارة,معجم الرياض
بارد,ما لا حرارة فيه,معجم الرياض
مُغامر,"من يجازف، ويلقي بنفسه في المخاطر أو الشدائد",معجم الرياض
كَنز, كل ما يدخر من الأموال أو النفائس,معجم الرياض
قَلعة,حِصن ممتنع على جبل أو مُرتفع,معجم الرياض
مَغارة,كهف وغار.,معجم الرياض
عِملاق,ما يفوق بني جنسه في الطول والضخامة أو في حقل من حقول العلم أو الأدب,معجم الرياض
فَارس,ماهر في ركوب الخيل,معجم الرياض
لُغز,كلام مبهم خفي المعنى,معجم الرياض
مَجرة,تجمعات كبيرة من النجوم والكواكب,معجم الرياض
مِرآة,سطح مستوٍ أو منحنٍ يعكس صورة ما يقف أمامه,معجم الرياض
مَملكة,منطقة جغرافية يحكمها ملك,معجم الرياض
سراب,ظاهرة طبيعية تُرَى كمسطحات ماء تُلْصَق بالأرض عن بُعد,معجم الرياض
أفق,ما تراه العين من الأرض كأنما التقت عنده بالسماء.,معجم الرياض
روضة, مساحة واسعة تغطيها الخضرة والأشجار,معجم الرياض
سَهْل,أرض منبسطة,معجم الرياض
كثيب,تل صغير من الرمال كونته الرياح في الصحراء أو على الشواطئ,معجم الرياض
ينبوع," نبع، عين ماء",معجم الرياض
شاطئ,"ساحل، يابس على طول حافة محيط أو بحر أو نهر‏",
جزيرة,أرض مُحاطة بالماء من كلّ ناحية,
كهف,مكان محفور في الجبل,
صحراء,"أرض فضاء واسعة نادرة الماء، قليلة النبات والشجر",
منارة,بناء مرتفع ينطلق من أعلاه نور قوي دائم الإشعاع تهتدي به السفن والطائرات,
جسر,قنطرة ونحوها يُعبَر عليها فوق النهر ونحوه,
شرفة, بروز مرتفع يخرج من المبنى يُسْتَشْرَفُ منه على ما حوله,
بئر,حُفْرَةٌ عَمِيقَةٌ فِي الأرْضِ لاسْتِخْراجِ الماء,
مخيم,من يقيم في الخيام والمعكسرات إقامة مؤقتة,
فانوس,مشكاة تحمل أو تعلق وبداخلها مصباح للإضاءة محاط بالزجاج,
قفل,"أداة من الحديد ونحوه تستخدم في غلق الباب ونحوه، ولها مفتاح يُفتَح ويغلق به.
",
سلة,وعاء من البلاستيك ونحوه توضع فيه الأشياء,
خريطة," رسم أو تخطيط يوضح معالم مكان ما، ويصف أجزاءه",
دعوة, طَلَب الحضور.,
فضول, الرغبة في المعرفة,
أنيس,"مؤانس، يذهب وحشة جليسه",
ثقة, شعور باعتزاز بالنفس وتحرر من الشك والريبة,
اعتزاز,افتخار بالشيء‏,
خجل,"احمرار الوجه، وتغيره بطريقة لا إرادية عند الشعور بالحرج أو الارتباك.
",
خوف,"خشية، وفزَع",
فرح,"سرور، بهجة‏",
حزن,"غمّ، وكآبة‏.",
قرار,"ثبات، واستقرار",
فكرة,"انطباع، صورة ذهنية لأمر ما",
قفز,"وَثْب‏، ارتفاع بالجسم إلى أعلى",
ركض,"عدْو‏، وجرْي",
تسلق,صعود‏,
سباق,مُنافَسَة,
تجول,تَنَقُّلٌ من مكان لآخر,
بحث,"‏طلب الشيء، والتفتيش‏ عنه",
اكتشاف,الشيءِ: العثور عليه,
إنقاذ,تخليص,
تعاون,"تكاتُف،‏ وتضامُن",
مشاركة,مساهَمة,
بداية,"بَدء، مُستهل",
نهاية," آخر، خاتمة",
سر ,ما يحاول المرء كتمانه من قول أو فعل,
سبب,"ما يؤدي إلى حدوث أمر، أو دافع",
إنجاز," إتمام، وإنهاء",
فرصة,وقت مناسب لتحقيق غرض ما,
مغامرة,مجازفة,
محاولة,بَذْل الجُهْد لإنفاذ عمل ما‏,
نجاح,"فَوْز، وظَفَر بالمطلوب",
تحد,مواجَهَة ومُغالَبة,